0,rating
neon lights,50.0
holograms,50.0
cybernetic implants,50.0
futuristic city,50.0
flying cars,50.0
android,50.0
robotic arm,50.0
VR headset,50.0
drones,50.0
neon skyline,50.0
cyber hacker,50.0
glowing circuits,50.0
neon streets,50.0
augmented reality,50.0
cyber goggles,50.0
high-tech armor,50.0
virtual interface,50.0
digital landscape,50.0
skyscraper lights,50.0
neon reflections,50.0
glowing tattoos,50.0
robotic assistant,50.0
cyber limbs,50.0
artificial intelligence,50.0
neural network,50.0
bionic eyes,50.0
digital rain,50.0
cyber cafe,50.0
neon signs,50.0
hoverboard,50.0
futuristic train,50.0
cyber underground,50.0
robot companion,50.0
neon graffiti,50.0
cyber assassin,50.0
augmented eyes,50.0
electronic billboard,50.0
holographic interface,50.0
digital skyline,50.0
tech district,50.0
AI companion,50.0
advanced drones,50.0
cyber hacker lab,50.0
neural link,50.0
energy weapons,50.0
cyber arms,50.0
glowing HUD,50.0
robotic drone,50.0
neon reflections,50.0
skyscraper tops,50.0
electric highways,50.0
tech bazaar,50.0
cyberpunk gang,50.0
street samurai,50.0
flying police drones,50.0
glowing helmets,50.0
digital avatars,50.0
robotic surveillance,50.0
neon-glowing wires,50.0
future marketplace,50.0
cyber fortress,50.0
stealth cloaks,50.0
bioluminescent tech,50.0
cybernetic animals,50.0
neural implants,50.0
hacking terminal,50.0
anti-gravity tech,50.0
hover vehicles,50.0
digital wasteland,50.0
glowing street signs,50.0
cybernetic enhancements,50.0
biotech lab,50.0
energy shields,50.0
neon-lit skyscrapers,50.0
robotic uprising,50.0
advanced AI core,50.0
cybernetic limbs,50.0
urban tech slums,50.0
glowing goggles,50.0
smart holograms,50.0
drone swarms,50.0
tech megacorporations,50.0
neural hack,50.0
cyber maze,50.0
neon-clad street,50.0
futuristic weapons,50.0
plasma sword,50.0
AI-controlled city,50.0
glowing street vendors,50.0
VR nightclub,50.0
hacker alley,50.0
robotic animals,50.0
cyber gang leader,50.0
neon-lit marketplace,50.0
bionic enhancements,50.0
digital landscapes,50.0
skyscraper horizons,50.0
hacker terminals,50.0
robot battles,50.0
neon jungles,50.0
